Article;Pays_Origine;Image_Trouvee
Abondance;France;abondance.webp
Appenzeller;Suisse;appenzeller.webp
Banon;France;banon.webp
Beaufort;France;beaufort.webp
Bleu d'Auvergne;France;bleu-auvergne.webp
Bleu de Gex;France;bleu-de-gex.webp
Brie au Bleu;France;brie-bleu.webp
Brie de Meaux;France;brie-de-meaux.webp
Brie de Melun;France;brie-de-melun.webp
Brillat-Savarin;France;brillat-savarin.webp
Brocciu;France;brocciu.webp
Burrata;Italie;burrata.webp
Cabrales;Espagne;cabrales.webp
Camembert de Normandie;France;camembert-normandie.webp
Cantal;France;cantal.webp
Chaource;France;chaource.webp
Crottin de Chavignol;France;crottin-chavignol.webp
Edam;Pays-Bas;edam.webp
Emmental;Suisse/France;emmental.webp
Feta AOP;Grèce;feta.webp
Fourme d'Ambert;France;fourme-ambert.webp
Gorgonzola Piccante;Italie;gorgonzola-piccante.webp
Gouda Vieux;Pays-Bas;gouda-vieux.webp
Grana Padano;Italie;grana-padano.webp
Gruyère Suisse;Suisse;gruyere.webp
Halloumi;Chypre;halloumi.webp
Havarti;Danemark;havarti.webp
Maasdam;Pays-Bas;maasdam.webp
Manchego Viejo;Espagne;manchego-viejo.webp
Maroilles;France;maroilles.webp
Mascarpone;Italie;mascarpone.webp
Mimolette Vieille;France;mimolette-vieille.webp
Mont d'Or;France;mont-dor.webp
Morbier;France;morbier.webp
Münster;France;munster.webp
Ossau-Iraty;France;ossau-iraty.webp
Parmigiano Reggiano 24 mois;Italie;parmesan-24-mois.webp
Pecorino Romano;Italie;pecorino.webp
Pecorino Toscano;Italie;pecorino-toscano.webp
Petit Gaugry;France;petit-gaugry.webp
Pont-l'Évêque;France;pont-leveque.webp
Port-Salut;France;port-salut.webp
Provolone;Italie;provolone.webp
Raclette;France;raclette.webp
Reblochon;France;reblochon-laitier.webp
Ricotta di Bufala;Italie;ricotta-bufala.webp
Saint-Félicien;France;saint-felicien.webp
Saint-Marcellin;France;saint-marcellin.webp
Saint-Nectaire;France;saint-nectaire.webp
Sainte-Maure de Touraine Affiné;France;sainte-maure-affine.webp
Salers;France;salers.webp
Stilton;Royaume-Uni;stilton.webp
Taleggio;Italie;taleggio.webp
Tomme de Savoie;France;tomme-de-savoie.webp
Tête de Moine;Suisse;tete-de-moine.webp
Vacherin Fribourgeois;Suisse;vacherin-fribourgeois.webp
Valençay;France;valencay.webp
Époisses;France;epoisses.webp
